name,pop
42467159,3094
42467069,2863
42466853,2228
1413215971,3597
42466495,4495
42466468,3598
42466282,2229
42466244,3507
42466196,1530
42466188,1619
42466179,2364
42465434,3207
42465349,4179
42465315,3017
42465301,3481
42465292,3057
42465279,3596
42465267,3730
42465260,3828
42464958,3454
42464855,2327
42464811,5420
42464557,3025
1369956648,2275
42460611,3706
42460579,2635
42460410,1917
42458034,4437
42456303,5401
42455259,8428
42455181,4227
42454742,5966
42453610,2189
42453604,3106
42453555,6038
42453158,3772
595314118,9293
42453104,5145
42453036,5156
595314021,8974
42452613,4159
42452556,10290
42452048,1136
42451712,4917
42451409,731
42451018,4511
42449828,3083
42449067,6380
42448996,3364
42448607,5619
42447207,3931
42447199,6768
42447169,3346
42447132,2863
42446994,1992
42446934,8664
42446571,7114
42446552,6612
42446521,5224
42446161,7835
42446152,2093
42446093,3131
42446036,2294
42445899,4319
42445773,3834
42445738,7066
42445733,5437
42445656,5377
42445651,3262
42445637,6941
42445520,2257
42445466,2550
42445291,7709
42445219,3876
42445183,1914
42445027,6208
42444991,2303
42444964,3512
42444954,2058
42444909,4092
42444829,8234
42444822,7275
42444495,5650
42444487,3744
42444353,11
42444230,8109
42444049,1806
42443658,4864
42443561,8554
42443532,6928
42443524,7216
42443488,10292
42443413,9009
42443406,11547
42443388,4190
42443381,8866
42443363,9151
42443346,6437
42443336,10751
42443326,9320
42443305,5542
42443096,6558
42443088,6008
42443078,7476
42443068,7855
42443056,2298
42443048,13749
42443040,7904
42443037,4274
42443029,12444
42443024,11174
42442948,7883
42442937,7026
42442918,8391
42442910,8871
42442895,11740
42442877,7229
42442870,8651
42442851,9237
42442843,3151
42442750,2173
42442684,3946
42442577,3633
42442400,2867
42441953,8300
42441299,8807
42441283,8197
42441276,10064
42440854,2447
42440465,7316
42440449,14425
42440356,7476
42440330,8090
42440075,1819
42440022,6471
42440009,2816
42439996,2719
42439984,1120
42439968,117
42439955,183
42439927,6404
42439910,7980
42439891,5248
42439868,6427
42439860,2644
42439830,8047
42439813,1264
42439537,6202
42439440,1116
42439416,15344
482840749,2162
42439384,6743
42439362,1101
42439225,4465
42439029,6023
42438984,4591
42438971,6127
42438906,2581
42438798,6270
42438791,4195
42438672,5224
42438547,3040
42438498,7813
42438487,4462
42438271,3001
42438052,10820
42438043,8939
42437845,9350
42437834,8463
42437801,4412
42437445,8767
42437433,3971
42437425,3633
42437218,2090
42437211,7556
42437204,5701
42437188,3865
42436930,3434
42436812,8729
42436807,12087
42436701,230
42436700,966
42436644,5504
42436640,5248
42436582,7614
42436575,3322
42436527,7169
42436516,2397
42436511,1412
42436489,12774
42436316,5860
42436192,4479
42435981,2175
42435541,3397
42435477,4270
42435403,3912
42435364,1731
42435362,641
42434827,1945
595295436,6564
42434355,5055
42434251,3496
42434175,5345
42434074,73
42433781,8106
42433578,4942
42433574,2524
42433551,3005
42433513,9308
42433237,5518
42432990,2371
42432967,5865
42432936,3068
42432875,7351
42432861,9039
42432847,1401
42432825,441
42432282,7817
42432228,2526
42432199,5429
42432068,4492
42432054,3393
42431804,6215
42431560,9257
42430959,10590
42430945,5434
42430770,5461
42430479,7317
42430474,5675
42430344,155
42430320,1595
42430259,4536
42429827,3673
42429732,5370
42429714,3329
42429637,8478
42429563,6040
42429536,3778
42429044,8196
42428583,5842
42428468,2781
42428232,2277
42428212,3512
42428170,3408
42428034,4864
42427979,3543
42427870,9033
42427863,11288
42427768,7086
42427764,992
1259822878,5161
1259822845,4105
42427649,6
42427477,8780
42427426,6304
42427386,5708
42427374,6338
42427352,6398
42427206,6370
42425955,6398
42425681,3584
42424937,5322
42424679,3385
42424641,1434
42424583,7370
42423307,7316
42423039,6547
42422399,8989
274419003,2532
42421803,8108
42421785,7627
42421769,6402
246890579,2759
1570448208,2178
2799368116,2942
61273001,6596
61271527,6624
61261100,8667
595245843,9623
588152207,3487
721845308,2975
596799866,10218
2148166689,3827
2882682137,3975
2408446151,4525
2564942589,3389
1398910674,1578
566076730,8731
1398902755,73
2024876340,3794
2844853162,4090
2844853160,3928
2447703181,4234
2408379355,7501
2408369221,5488
1372888594,4141
562073924,4947
562073877,3268
596668939,1699
474760036,1585
1858067878,2
370924957,14522
370915060,2618
2858135231,6839
246649429,4442
370897167,16538
2383895312,7917
1260335197,2608
587934347,6811
587934172,7642
42934657,4643
254484074,10330
42926933,6317
42926923,5722
42926630,8304
1770713491,4205
42921701,2483
42920903,1076
42920817,4244
42920456,2674
42919984,3911
42919702,5176
42919158,5161
42918696,2751
42915653,8757
42914151,3871
42909370,1789
42908954,6151
42908922,2064
42908498,4321
42908448,3915
42907664,5272
42907521,2454
42905733,29
42905073,3625
42905004,3616
42904573,1507
42904193,5440
42904174,1983
42903957,3148
42903166,4963
42900665,2910
42900209,4700
42899977,4729
42899045,2601
42896831,3633
42896214,2630
42895830,1363
42895818,3254
42895514,7039
42895415,4425
42895302,7571
42895105,4247
42893103,7414
42892933,1388
42892848,5539
42892342,1217
42891894,2597
42891722,1675
42891715,1666
42891713,1495
42890462,2796
42890447,1592
595750834,4669
42888772,12330
42888681,1028
42885742,1621
42885332,2782
42884838,7415
42884764,1786
42883985,2128
42882977,4169
42881818,3381
42881052,1662
42880675,2746
42880327,3611
42879591,1416
42879466,2783
42879315,6136
42878203,3303
42877863,1579
42877849,3848
42876834,3516
42875036,3571
42874993,4604
42874631,1701
42874058,5949
42873544,2690
42870698,5308
42870606,3683
42870429,6777
42870420,5094
42870297,6220
42870244,5720
42869669,2426
42865969,4047
42864760,6781
42863112,3360
42862775,27
42862627,2852
42862489,3997
42862048,3296
42861860,4094
42861644,2303
42861560,2010
42861235,2289
42861196,2474
42861179,3984
42860726,2831
597294551,1054
42860677,4942
42860659,4278
42860653,4464
42860531,4790
42860516,4598
42860012,1411
42859973,8278
42858169,2575
42858084,7527
42856656,7992
42856560,2251
42856541,5644
42855898,5546
42851486,4444
42850850,4018
42850472,2552
42849669,2325
42849656,3050
42849225,1188
42848917,2388
42848888,2879
42848687,2747
42847870,4574
42847549,4835
42846481,4284
42846372,2077
42846359,1960
42846288,8631
42846177,6002
42846156,6232
42846114,3729
42845937,1486
42845920,1957
42845818,2134
42845808,2367
42844965,2147
42844387,2111
42843686,19
42843373,2437
42843338,3493
42843183,3947
42842735,4062
42842564,3712
42842481,4065
595703198,6617
42841847,3492
42841242,2811
60928425,7074
42839155,3021
42838801,2063
42838628,2931
42838614,4210
42838540,6887
42837511,2201
42836491,5456
42835690,3885
42835681,2397
42835658,4240
42835647,3400
42835637,3619
42835618,4255
42835602,6743
42835523,3670
42834154,1592
42833525,1202
42833506,2145
42833248,3963
42833059,2950
42833019,2246
42833017,3054
42832991,3853
42832982,3676
42832590,3089
60920487,4013
42832302,8570
42831671,8726
42831212,5304
598050847,4247
42829239,1979
60917021,5771
60916829,2846
42827714,4413
42827708,2829
42827650,4573
42827451,3114
42827414,1567
42827236,3881
42826590,3500
2504882506,6004
42826060,1478
42825962,3934
42825299,3088
2061592973,2755
42824389,7112
42824219,1351
42824181,2377
1942055039,3484
42824172,4136
42824112,5340
42824053,6808
42824029,6214
42824008,4227
1942054479,4427
42823427,3355
1942054193,2691
1942053829,7280
42821747,5295
42821340,25
42820708,3580
1202018697,3753
42819370,1706
42819341,3275
42818844,6253
42818520,4116
42818511,4231
42818487,4611
42817819,2876
42817805,4591
42817797,6031
42815941,1542
42815829,1067
42815810,2231
42815764,1270
42815716,3442
42815151,6476
42814862,3502
42814482,3722
42814176,3783
42814124,3921
42813927,4871
42813913,5811
42813899,2883
42812236,1476
42812049,3
42811426,4582
42811330,2676
42810983,2662
42810512,2794
42810248,2513
42810177,1597
42809954,5826
42809929,4147
42809864,4790
42809632,2100
42809521,4630
42808177,4949
42807873,7
42807867,1123
42807546,1938
42807473,4033
42807247,3295
42807066,1525
42806626,5223
42806596,4196
42806511,1657
42792488,1706
42790098,1358
42788020,4132
42787455,4120
42786823,5071
42786538,2097
42782755,8521
42781415,3587
42781382,2976
2640103270,11236
42780445,2950
42780363,3188
42779042,4864
42777778,3090
561035376,14934
42776419,1003
42774790,1241
42774185,3893
42773147,6996
42773014,9680
42771338,3640
42771094,4509
42770885,1304
42770821,3850
42770579,4797
42769855,5461
42769236,5228
42769150,3592
42769073,3441
42768870,3583
42768572,7466
42767900,4584
42767640,5378
42767028,3965
42766812,2530
42766729,1597
42765717,3177
42765506,1555
42765482,2897
42765344,4115
42765336,2148
42763809,1927
42763802,6733
373850911,6637
42762867,4591
42762682,3490
42762677,3756
42762640,4585
42762623,2222
42762442,5466
42762422,2164
42761504,1736
42761465,3818
42761455,6188
42761419,2383
42761356,1631
42761317,6051
42761235,6475
42760984,2582
42760978,3713
42760945,5457
42760848,6356
42760117,3702
42760103,3216
42760037,3413
42759500,5103
42759211,3710
42759203,5643
42759029,2061
42758086,2120
42758077,7040
42758036,6332
42758014,5685
42757929,4386
42757892,4100
42757884,1818
42757764,4380
42757684,3307
42757645,6966
42757560,4146
42757031,4334
42756720,2661
42756707,1907
42756319,4340
42756268,3905
42756220,6155
42756021,2596
42755783,4573
42755703,6652
42755235,3761
42755157,3420
42755148,6793
42754962,3005
42754873,3273
42754039,1487
42754035,3882
42753929,5093
42753920,6382
42753824,7509
42753796,3677
42753677,3186
42753617,3891
42752786,6734
42752778,4037
42752600,6863
42752593,4397
42752592,4386
596399974,1129
247224533,25
42751992,5565
42751940,3050
42751935,3425
42751875,5698
42751808,3598
42750734,2711
42750730,5823
42750514,6984
42750123,3086
42750067,4241
42749785,5280
42749770,1907
42749752,6984
42749625,6418
42749561,4767
42749550,2031
42749511,4593
42749484,3758
42748562,4502
42748477,7698
42748428,3580
42748380,3967
42748177,3437
42747790,1875
42747763,5052
42747626,3554
42747612,4240
42747574,3300
42747568,5555
42747506,6106
42747486,5253
42747465,1781
42747458,3048
42747216,1917
42746967,3415
42746470,2011
42746142,6218
42746117,2708
42745895,245
42745893,5056
42745283,2957
42745234,2303
42745224,1675
42745144,2615
42745132,4618
42745117,3979
42745018,1764
42744747,5334
42744697,3506
42744088,7564
42743938,6911
42743872,5810
42743778,4
42743607,5190
42743598,4797
42743521,4475
42743114,3777
42742846,6129
42742517,4677
42742448,4294
42742419,4015
42742280,3845
42742143,1959
42741753,1656
42741742,1949
42741596,3794
42741552,3097
42741500,2058
42741154,7384
42741014,8143
1891639900,6529
42740532,5370
42740445,2599
42740434,2119
42740325,6019
42740197,1367
42739761,6384
42739705,5987
42739700,3647
42739583,3149
42738880,1264
42737955,5279
42737719,3113
42737707,5491
537402576,2332
42737364,6585
42737338,3883
42737308,5503
42737272,7143
42737259,4206
42737106,6499
42737058,3016
42737040,4263
42736677,4478
42736640,8154
42736345,4361
42736089,5922
42736037,3849
42735931,1556
42735919,5853
42735904,5586
42735692,5337
42735486,3178
42735337,5017
42735309,5267
42735026,4869
42735006,5415
42734969,1201
42734768,5769
42734637,3154
42734582,4167
42734414,1810
42734382,3363
42734266,7752
42734104,5461
42733958,6127
42733927,1537
42733890,3347
42733844,8348
42733827,6182
42733818,4377
42733802,5196
42733778,5047
42733725,7756
42733618,4031
42733404,4152
42733384,3090
42733367,2253
42733190,2423
42733174,2005
42733116,2931
42732863,4933
1927807845,1543
42731581,5432
42731557,1420
42730980,6942
42730798,2898
42730140,1077
42730131,2047
42730123,1663
42730120,5110
42730113,6461
42730101,5816
42730025,4758
42729942,1932
42729851,5325
42729826,6992
42729818,5318
589298625,4875
42720069,5409
42720041,6802
42720013,3637
42719678,2606
42719668,2975
42719583,5065
42719573,7942
2548015240,1509
380059967,3604
278608811,4869
277032734,8
2521229331,5628
2479546857,4360
2872728055,2229
1672106382,8306
595480989,7021
598622310,1880
598622272,3426
598622249,2057
2889232207,5696
374482644,4035
889585049,5677
371321235,3396
2520377434,4382
2028327988,3341
2561266487,6814
552189311,4814
2307230978,3499
42537098,1445
42536166,5451
486868873,8660
486867605,2782
42534052,4247
42534032,3228
42533191,327
42531870,4597
42531407,3752
42530350,5074
42530139,3013
42529545,1888
42529162,4163
42528868,6418
42527659,2786
42527635,3933
42526740,2288
42526520,5469
42526329,1697
42525144,8938
42525015,2017
42524972,4064
42524917,4648
42524687,3371
42524140,5061
42523639,5495
42522831,2464
42521762,4638
42521159,3299
42521125,2159
42520965,3006
42520333,4413
42520296,3609
42520258,3786
42519973,5236
42519635,3694
42519630,7027
42519536,3749
42518540,5036
42517498,1255
42516689,2624
42516362,1754
42516279,4180
42516250,4193
42516238,4097
42516233,2802
42516224,428
42516014,1305
42515964,2579
42515129,3914
42515027,2932
42515023,2171
42514554,1735
42514451,3255
42514385,3920
42514378,3838
42514361,4917
42514354,2010
42514347,3419
42514344,2131
42513819,3538
42513805,3518
42513757,3380
42513719,3549
42513678,4039
42513375,6740
42513257,4338
2757013603,113
42513071,2543
42512738,4080
42512579,3651
42512437,2921
42512268,14
42512094,2310
42512083,2608
42512058,1372
42511697,3936
42511668,4304
42511649,1900
42511599,2907
42511525,4581
42511304,4315
42511215,6250
42511030,3318
42510453,2231
42510401,3204
42510369,2791
42510143,3624
42509659,5557
42509649,5113
42509305,3154
42509198,3920
42509044,6405
42506544,5630
42506525,4249
42506427,3575
42506344,5245
42506231,2105
42506186,3564
42505910,5141
42504787,4544
42504647,2403
42504343,2595
42503992,5610
42503968,3990
42503841,3295
42503269,3156
42502953,7625
42502855,2996
42502705,5191
42502684,3301
42502404,390
42502390,3784
42502366,2770
42502312,3216
42501930,2540
42501896,5549
1692433920,4204
42501272,3674
42501267,1868
42500955,4651
42500884,4325
42500870,2656
42500051,2929
42500028,2838
42499740,1117
42498485,2813
42497591,4172
42497531,1742
42497237,3923
42496998,3901
42496563,4551
42496540,5582
42496372,2510
42496296,3891
42496251,2804
42496091,1470
42495814,3822
42495195,3945
42495185,3395
42495056,3083
42494847,2472
42494844,3218
42494716,3149
42494213,2766
42494201,2778
42494101,2656
42494061,5685
42493640,2300
42493615,2089
42493609,3451
42493596,3546
42493173,2471
42493154,2868
42492979,3946
42492316,3928
42492223,3008
595352935,10149
42491660,3037
42491632,3075
42491627,1964
42491456,6629
42491177,2582
42490962,3979
42490957,6566
42490936,1554
42490688,5240
42490496,1904
42489099,3829
42488961,1717
42488696,1384
42488527,1892
42488433,2500
42488355,2756
42488263,3313
42488240,4035
42487619,5
42487599,4976
42487588,3578
42487074,3313
42487066,3366
42486817,3302
42486796,3822
42486785,4064
42486774,3609
42486759,3770
42486746,3920
42486727,4217
42486696,4463
42486686,3823
42486480,3849
42486345,4383
42485886,5001
42485408,2201
1414020864,4494
42485164,2157
42485145,2713
42485084,3487
42485061,4763
42485035,3931
42485022,3422
42485012,4010
42484963,2148
486818472,4805
42484345,3042
42484343,2303
42484030,2516
42484011,3537
42483496,3359
42482869,1480
42482732,2969
42482506,4120
42482381,3823
42482263,3816
42482017,3325
42481959,2924
42481921,4332
42481908,3521
42481679,3250
42481637,3363
42481627,3433
42481615,5175
42481606,2316
42480574,84
42479660,3421
42479643,5253
42479617,3554
42479294,4400
42479273,1630
42479194,5508
42479167,3660
42479153,2910
42478991,3002
42478947,2750
42478941,4329
42478926,3907
42478722,4351
42478553,2983
42478455,5307
42478076,3041
42477959,4923
42477903,2754
42477874,4446
42477839,3416
42477825,3783
42477753,3430
42477555,5643
42477334,2084
595338023,6527
42476744,6956
42476725,2512
42476712,4259
42476355,2750
42476347,4458
42476056,4497
42475980,3272
42475764,4348
42475597,6319
42475541,2434
42475534,1197
42475526,3142
42475481,2833
42475209,6
42474968,4310
42474834,2506
42474832,10000
42474760,4358
42474069,5403
42473952,2596
42473637,2607
42473600,2469
42473580,5281
42473560,4108
42473534,2647
42473300,3344
42473286,3425
42473262,3106
42473245,3101
42473229,3538
42473213,2991
42472625,2127
42472380,2998
42472325,4311
42472281,4093
42471953,2773
42471852,5102
42471841,6008
42471715,1210
42471183,4135
42471092,3508
42470244,3155
42469689,3595
42469645,2991
42469612,1411
42469514,1655
42469494,1959
42469290,1937
42469118,8008
42468741,3122
42468531,3053
42468394,4305
42467919,1753
42467885,2645
42467850,2603
42467793,2374
42467482,3386
42467478,4520
42467474,4085
42467470,3139
42467460,4376
42467300,5281
1241986499,11661
